"name","neighborhood","cuisine"
"Jongro BBQ" ,"Midtown" ,"Korean"
"Pocha 32" ,"Midtown" ,"Korean"
"Nom Wah Tea Parlor" ,"Chinatown" ,"Chinese"
"Robertas" ,"Brooklyn" ,"Pizza"
"Speedy Romeo" ,"Brooklyn" ,"Pizza"
"Buddha Bodai" ,"Chinatown" ,"Vegetarian"
"Nan Xiang Xiao Long Bao" ,"Queens" ,"Chinese"
"Mission Chinese Food" ,"Downtown" ,"Chinese"
"Baohaus" ,"Downtown" ,"Chinese"
"al di la Trattoria" ,"Brooklyn" ,"Italian"
"Locanda Vini & Olii" ,"Brooklyn" ,"Italian"
"Rao's" ,"Uptown" ,"Italian"
"Minca" ,"Downtown" ,"Japanese"
"Kenka" ,"Downtown" ,"Japanese"
"Yakitori Taisho" ,"Downtown" ,"Japanese"
"X'ian Famous Foods" ,"Midtown" ,"Chinese"
"Shake Shack" ,"Midtown" ,"American"
"Foodcademy" ,"Midtown" ,"American"
"Sonnyboy's" ,"Brooklyn" ,"Chinese"
"The Cole Romano Experience" ,"Brooklyn" ,"Italian"
"Timbo Slice" ,"Brooklyn" ,"Pizza"
"Scorpio Sisters" ,"Downtown" ,"American"
"N.E.D" ,"Uptown" ,"American"
"Great NY Noodletown" ,"Chinatown" ,"Chinese"
"Golden Unicorn" ,"Chinatown" ,"Chinese"
"Wo Hop" ,"Chinatown" ,"Chinese"
"Di Fara Pizza" ,"Brooklyn" ,"Pizza"
"Kang Ho Dong Baekjeong" ,"Midtown" ,"Korean"
"Jacob's Pickles" ,"Uptown" ,"American"
"Dan and John's Wings" ,"Downtown" ,"American"
"Ping's Seafood" ,"Chinatown" ,"Chinese"
"XO Kitchen" ,"Chinatown" ,"Chinese"
"Carbone" ,"Downtown" ,"Italian"
"I Sodi" ,"Downtown" ,"Italian"
"Lilia" ,"Brooklyn" ,"Italian"
"Jajaja" ,"Downtown" ,"Vegetarian"
"Smalls Jazz Club" ,"Downtown" ,"American"
"Russ & Daughters" ,"Downtown" ,"American"
"The Meatball Shop" ,"Downtown" ,"American"
"Dirt Candy" ,"Downtown" ,"Vegetarian"
"Ippudo" ,"Midtown" ,"Japanese"
"Marea" ,"Midtown" ,"Italian"
"Lighthouse" ,"Brooklyn" ,"American"
"Ayurveda" ,"UWS" ,"Vegetarian"
